{
  "project_info": {
    "project_number": "43729602932",
    "firebase_url": "https://loginform-d812f.firebaseio.com",
    "project_id": "loginform-d812f",
    "storage_bucket": "loginform-d812f.appspot.com"
  },
  "client": [
    {
      "client_info": {
        "mobilesdk_app_id": "1:43729602932:android:a2416b76e5833a3c",
        "android_client_info": {
          "package_name": "com.example.loginform"
        }
      },
      "oauth_client": [
        {
          "client_id": "43729602932-mneqqrki2npik0dekt79944912b19pir.apps.googleusercontent.com",
          "client_type": 1,
          "android_info": {
            "package_name": "com.example.loginform",
            "certificate_hash": "b4cb007c550e1f0c8d5e09837e6d23e8c8d68bce"
          }
        },
        {
          "client_id": "43729602932-k9dv1n2d390t4sb3mqb38rdeqa0falvu.apps.googleusercontent.com",
          "client_type": 3
        }
      ],
      "api_key": [
        {
          "current_key": "AIzaSyCFUf-h5ZC7C4mHwWOLnxYkngTa3qMhJYo"
        }
      ],
      "services": {
        "appinvite_service": {
          "other_platform_oauth_client": [
            {
              "client_id": "43729602932-k9dv1n2d390t4sb3mqb38rdeqa0falvu.apps.googleusercontent.com",
              "client_type": 3
            }
          ]
        }
      }
    }
  ],
  "configuration_version": "1"
}